marineEco,marineRealm,marineProv,EcoNumber,area not corrected,floatingandsinking.area,sinkingonly.area,floatingonly.area,total area.corrected.P.rock,exportF,exportFSD,exportS,exportSSD,exportFS,exportSF.SD,gCF,gCF.SD,gCS,gCS.SD,gCSF,N,NPP,NPP.SD,CRT,CRT.SD,export,exportcombinedSD,gCperm2,gC,NPP TgC,Exported NPP,TgC,,median seq 200 m y,median seq 530m y,Seq fraction 200m 25y,Seq fraction 200m 100y,Seq fraction 500m 25y,Seq fraction 530m 100y,Seq fraction 1000m 100y,TgC 200m 100y,TgC 530m 100y,TgC 1000m 100y,TgC 200m 25y,TgC 500m 25y,,,,,,,,,,,,,,,,,
North and East Iceland,Arctic,Arctic,2,1461,556,112,0,667,23.85,5.79,22.60,11.27,23.22,12.67,158.58,106.30,160.60,91.92,159.59,13042,883.11,463.77,88.77,30.48,22.60,11.27,160.60,1.06635E+11,0.59,18.1,0.10663,,230.8,221.7,0.62,0.58,0.76,0.69,0.83,0.0618,0.0738,0.0889,0.0656,0.0813,,,,,,,,,,,,,,,,,
East Greenland Shelf,Arctic,Arctic,3,6378,347,2565,2,2914,35.17,5.43,31.52,24.61,33.34,25.20,126.82,102.15,119.44,66.40,123.13,38939,387.36,212.67,27.43,37.52,31.74,24.67,119.88,3.49304E+11,1.13,30.9,0.34930,,225.0,221.7,0.52,0.43,0.79,0.67,0.87,0.1506,0.2337,0.3051,0.1802,0.2756,,,,,,,,,,,,,,,,,
West Greenland Shelf,Arctic,Arctic,4,15927,2542,4436,298,7276,27.75,8.20,22.53,15.58,25.14,17.61,89.58,77.52,95.98,68.62,92.78,33958,415.31,242.30,70.20,49.95,23.66,16.09,94.60,6.88338E+11,3.02,22.8,0.68834,,17.3,27.7,0.37,0.31,0.35,0.47,0.39,0.2124,0.3218,0.2705,0.2526,0.2416,,,,,,,,,,,,,,,,,
Northern Grand Banks - Southern Labrador,Arctic,Arctic,5,10491,1060,3707,26,4793,9.10,0.94,8.34,2.65,8.72,2.81,7.01,4.82,7.57,4.44,7.29,10267,91.63,64.62,389.26,61.94,8.43,2.68,7.51,35981358402,0.44,8.2,0.03598,,63.5,221.7,0.16,0.10,0.39,0.25,0.61,0.0035,0.0089,0.0219,0.0058,0.0142,,,,,,,,,,,,,,,,,
Northern Labrador,Arctic,Arctic,6,12874,10,5871,0,5881,17.85,11.35,16.41,13.91,17.13,17.95,46.61,65.04,50.72,60.20,48.67,14293,306.44,216.55,249.20,202.19,16.41,13.92,50.72,2.98314E+11,1.80,16.6,0.29831,,178.8,221.7,0.46,0.26,0.46,0.30,0.66,0.0783,0.0907,0.1976,0.1383,0.1366,,,,,,,,,,,,,,,,,
Baffin Bay - Davis Strait,Arctic,Arctic,7,2872,0,1312,0,1312,18.42,9.35,13.07,12.87,15.74,15.91,23.73,18.95,31.43,15.12,27.58,17988,226.37,113.13,197.77,263.63,13.07,12.87,31.43,41239290719,0.30,13.9,0.04124,,5.8,38.8,0.37,0.24,0.03,0.19,NA,0.0100,0.0077,NA,0.0151,0.0013,,,,,,,,,,,,,,,,,
Hudson Complex,Arctic,Arctic,8,164722,138,74020,1094,75253,1.25,1.28,0.90,1.31,1.08,1.83,1.56,6.51,1.86,6.70,1.71,71060,117.66,165.83,2838.65,809.54,0.90,1.31,1.86,1.39724E+11,8.85,1.6,0.13972,,NA,NA,NA,NA,NA,NA,NA,NA,NA,NA,NA,NA,,,,,,,,,,,,,,,,,
Lancaster Sound,Arctic,Arctic,9,2347,0,1072,0,1072,13.45,10.36,7.91,10.88,10.68,15.03,23.48,46.95,24.74,47.52,24.11,21889,80.05,146.35,439.04,348.85,7.91,10.88,24.74,26520023890,0.09,30.9,0.02652,,NA,NA,0.18,0.02,0.46,0.04,NA,0.0005,0.0009,NA,0.0048,0.0122,,,,,,,,,,,,,,,,,
Beaufort-Amundsen-Viscount Melville-Queen Maud,Arctic,Arctic,11,26763,0,12227,0,12227,9.89,8.72,5.64,8.14,7.76,11.92,1.05,1.79,1.97,2.13,1.51,49676,68.15,50.96,653.60,484.46,5.64,8.14,1.97,24052254282,0.83,2.9,0.02405,,40.4,221.7,0.20,0.05,0.63,0.42,0.81,0.0013,0.0100,0.0195,0.0048,0.0150,,,,,,,,,,,,,,,,,
Beaufort Sea - continental coast and shelf,Arctic,Arctic,12,49741,0,22724,0,22724,8.74,5.32,8.92,7.31,8.83,9.04,3.88,12.94,3.40,9.40,3.64,28901,44.30,48.95,528.56,252.92,8.92,7.31,3.40,77184773515,1.01,7.7,0.07718,,40.4,221.7,0.43,0.05,0.79,0.49,0.78,0.0036,0.0379,0.0599,0.0329,0.0612,,,,,,,,,,,,,,,,,
Chukchi Sea,Arctic,Arctic,13,59190,0,27041,0,27041,5.34,1.14,5.30,1.21,5.32,1.66,8.52,5.38,8.54,5.38,8.53,30756,146.12,88.06,794.92,205.73,5.30,1.21,8.54,2.30804E+11,3.95,5.8,0.23080,,63.5,221.7,0.42,0.06,0.80,0.45,0.78,0.0128,0.1041,0.1801,0.0961,0.1851,,,,,,,,,,,,,,,,,
Eastern Bering Sea,Arctic,Arctic,14,143757,20467,42939,2269,65675,6.11,3.17,5.58,3.58,5.85,4.78,6.14,8.61,6.80,8.65,6.47,36510,112.06,100.36,781.33,383.31,5.68,3.98,6.67,4.38173E+11,7.36,6.0,0.43817,,28.8,83.1,0.25,0.03,0.80,0.45,0.73,0.0133,0.1989,0.3199,0.1082,0.3503,,,,,,,,,,,,,,,,,
East Siberian Sea,Arctic,Arctic,15,3970,0,1814,0,1814,1.08,0.75,1.06,0.76,1.07,1.07,1.85,1.61,1.85,1.61,1.85,61223,96.58,85.54,3008.61,957.82,1.06,0.76,1.85,3349373076,0.18,1.9,0.00335,,NA,NA,0.57,0.54,0.93,0.58,0.88,0.0018,0.0019,0.0029,0.0019,0.0031,,,,,,,,,,,,,,,,,
Laptev Sea,Arctic,Arctic,16,926,0,423,0,423,2.48,1.44,2.28,1.62,2.38,2.17,7.18,7.21,6.95,6.45,7.06,57548,69.84,44.86,1703.76,479.89,2.28,1.62,6.95,2939399975,0.03,9.9,0.00294,,NA,NA,0.74,0.31,0.93,0.64,0.95,0.0009,0.0019,0.0028,0.0022,0.0027,,,,,,,,,,,,,,,,,
Kara Sea,Arctic,Arctic,17,202108,0,92332,0,92332,5.69,5.35,4.78,5.97,5.23,8.02,5.35,22.14,5.54,21.05,5.44,91771,58.83,93.41,971.48,482.07,4.78,5.97,5.54,5.11189E+11,5.43,9.4,0.51119,,225.0,NA,0.86,0.55,0.99,0.89,1.00,0.2789,0.4555,0.5112,0.4414,0.5066,,,,,,,,,,,,,,,,,
North and East Barents Sea,Arctic,Arctic,18,45617,89,20241,509,20840,15.03,9.48,9.61,10.32,12.32,14.01,7.97,18.39,9.73,18.47,8.85,112017,83.96,72.89,297.55,238.49,9.75,10.32,9.68,2.01759E+11,1.75,11.5,0.20176,,109.6,221.7,0.25,0.17,0.69,0.51,0.35,0.0343,0.1029,0.0710,0.0497,0.1394,,,,,,,,,,,,,,,,,
White Sea,Arctic,Arctic,19,17247,5298,2196,385,7879,3.64,1.36,2.86,2.11,3.25,2.51,0.28,0.65,0.33,0.64,0.30,10656,16.27,29.25,1228.86,306.08,3.16,2.36,0.31,2439663039,0.13,1.9,0.00244,,NA,NA,0.31,0.21,0.70,0.49,NA,0.0005,0.0012,NA,0.0008,0.0017,,,,,,,,,,,,,,,,,
South and West Iceland,Temperate Northern Atlantic,Northern European Seas,20,8213,3534,218,0,3752,22.11,7.28,20.08,11.42,21.09,13.54,126.61,116.23,138.41,107.02,132.51,11953,771.51,494.76,113.81,86.87,20.08,11.42,138.41,4.98484E+11,2.89,17.2,0.49848,,121.2,221.7,0.21,0.20,0.44,0.41,0.74,0.0989,0.2059,0.3669,0.1062,0.2188,,,,,,,,,,,,,,,,,
Faroe Plateau,Temperate Northern Atlantic,Northern European Seas,21,516,188,48,0,236,27.79,5.85,26.99,12.35,27.39,13.66,148.34,88.00,164.20,79.49,156.27,5179,697.65,352.73,62.60,28.48,27.31,13.40,157.88,37212761593,0.16,22.6,0.03721,,132.7,221.7,0.39,0.37,0.69,0.67,0.87,0.0137,0.0248,0.0323,0.0147,0.0258,,,,,,,,,,,,,,,,,
Southern Norway,Temperate Northern Atlantic,Northern European Seas,22,13102,5180,806,0,5986,7.97,3.51,7.44,3.93,7.70,5.27,30.63,23.77,33.00,23.19,31.82,11250,338.30,150.58,617.10,431.95,7.44,3.93,33.00,1.91392E+11,2.02,9.5,0.19139,,5.8,116.4,0.34,0.32,0.59,0.56,0.78,0.0608,0.1069,0.1487,0.0651,0.1138,,,,,,,,,,,,,,,,,
Northern Norway and Finnmark,Temperate Northern Atlantic,Northern European Seas,23,12262,4760,834,8,5602,13.98,5.80,13.47,7.44,13.73,9.43,84.44,62.06,86.44,57.27,85.44,18921,442.56,321.01,251.33,128.76,13.69,9.16,85.59,4.79467E+11,2.48,19.3,0.47947,,17.3,83.1,0.00,0.00,0.06,0.05,0.80,0.0000,0.0223,0.3838,0.0000,0.0295,,,,,,,,,,,,,,,,,
Baltic Sea,Temperate Northern Atlantic,Northern European Seas,24,99652,16645,2019,26862,45526,0.24,1.78,0.14,1.11,0.19,2.10,0.05,0.74,0.06,0.76,0.06,31963,17.48,16.80,6663.44,1390.82,0.22,1.88,0.06,2541490202,0.80,0.3,0.00254,,NA,NA,NA,NA,NA,NA,NA,NA,NA,NA,NA,NA,,,,,,,,,,,,,,,,,
North Sea,Temperate Northern Atlantic,Northern European Seas,25,179902,78484,3702,2,82188,3.77,2.41,3.59,2.45,3.68,3.44,9.42,10.35,9.92,10.62,9.67,30112,222.59,134.66,1538.93,1300.50,3.68,3.40,9.68,7.95604E+11,18.29,4.3,0.79560,,5.8,116.4,0.19,0.18,0.38,0.36,0.66,0.1396,0.2868,0.5283,0.1502,0.3051,,,,,,,,,,,,,,,,,
Celtic Seas,Temperate Northern Atlantic,Northern European Seas,26,45107,20367,240,0,20607,6.32,2.87,5.80,3.27,6.06,4.35,19.91,14.25,20.99,13.39,20.45,19318,347.00,136.53,720.44,305.33,5.80,3.27,20.99,4.21583E+11,7.15,5.9,0.42158,,75.0,105.3,0.23,0.12,0.25,0.16,0.31,0.0504,0.0677,0.1298,0.0955,0.1039,,,,,,,,,,,,,,,,,
South European Atlantic Shelf,Temperate Northern Atlantic,Lusitanian,27,20655,9261,128,46,9436,23.11,13.02,23.66,17.02,23.39,21.43,163.91,187.64,148.90,151.36,156.40,18172,579.37,377.76,182.89,199.46,23.39,21.34,156.34,1.47523E+12,5.47,27.0,1.47523,,144.2,221.7,0.25,0.06,0.35,0.12,0.42,0.0853,0.1756,0.6203,0.3622,0.5119,,,,,,,,,,,,,,,,,
Saharan Upwelling,Temperate Northern Atlantic,Lusitanian,28,7010,925,2278,0,3203,30.52,6.49,31.82,14.16,31.17,15.57,551.34,194.35,497.55,113.73,524.45,15564,1616.02,205.85,49.64,33.34,31.63,14.58,505.32,1.6184E+12,5.18,31.3,1.61840,,40.4,149.6,0.19,0.03,0.61,0.20,0.54,0.0542,0.3221,0.8675,0.3043,0.9888,,,,,,,,,,,,,,,,,
Azores Canaries Madeira,Temperate Northern Atlantic,Lusitanian,29,1121,65,2,445,512,37.63,0.00,60.17,19.83,48.90,19.83,140.07,70.31,80.02,34.15,110.04,23414,215.74,81.26,1.06,1.20,39.14,7.16,136.05,69690862613,0.11,63.1,0.06969,,40.4,182.9,0.30,0.06,0.54,0.15,0.37,0.0044,0.0106,0.0258,0.0206,0.0378,,,,,,,,,,,,,,,,,
Adriatic Sea,Temperate Northern Atlantic,Mediterranean Sea,30,20396,6860,0,2457,9318,5.79,2.52,3.33,4.00,4.56,4.72,11.40,19.30,16.38,17.85,13.89,5658,283.41,165.10,762.20,240.33,5.79,2.52,11.40,1.23327E+11,2.64,4.7,0.12333,,17.3,49.9,0.52,0.18,0.41,0.13,0.31,0.0225,0.0164,0.0383,0.0638,0.0501,,,,,,,,,,,,,,,,,
Aegean Sea,Temperate Northern Atlantic,Mediterranean Sea,31,2667,0,0,1218,1218,29.29,8.96,21.47,22.52,25.38,24.24,80.17,141.38,90.69,120.04,85.43,9038,243.91,328.10,71.96,87.34,29.29,8.96,80.17,97667456722,0.30,32.9,0.09767,,63.5,94.2,0.52,0.18,0.41,0.13,0.31,0.0178,0.0130,0.0303,0.0505,0.0397,,,,,,,,,,,,,,,,,
Levantine Sea,Temperate Northern Atlantic,Mediterranean Sea,32,9508,0,0,4343,4343,30.87,8.67,35.47,18.66,33.17,20.58,2.02,3.24,1.70,2.40,1.86,15652,8.55,8.92,50.72,61.24,30.87,8.67,2.02,8789906144,0.04,23.7,0.00879,,5.8,38.8,0.52,0.18,0.41,0.13,0.31,0.0016,0.0012,0.0027,0.0045,0.0036,,,,,,,,,,,,,,,,,
Tunisian Plateau/Gulf of Sidra,Temperate Northern Atlantic,Mediterranean Sea,33,7686,0,0,3511,3511,19.71,8.78,16.45,12.39,18.08,15.19,10.64,31.22,12.93,32.05,11.78,14803,75.21,136.33,163.69,122.20,19.71,8.78,10.64,37355192169,0.26,14.1,0.03736,,132.7,138.6,0.52,0.18,0.41,0.13,0.31,0.0068,0.0050,0.0116,0.0193,0.0152,,,,,,,,,,,,,,,,,
Ionian Sea,Temperate Northern Atlantic,Mediterranean Sea,34,3388,470,954,125,1548,31.30,8.56,34.23,22.75,32.76,24.31,193.80,149.01,175.54,87.57,184.67,6661,491.31,225.13,59.89,90.22,33.55,22.45,179.78,2.78299E+11,0.76,36.6,0.27830,,98.1,116.4,0.52,0.18,0.41,0.13,0.31,0.0508,0.0370,0.0864,0.1439,0.1138,,,,,,,,,,,,,,,,,
Western Mediterranean,Temperate Northern Atlantic,Mediterranean Sea,35,16227,4583,1838,992,7413,32.74,6.50,36.50,19.31,34.62,20.38,143.28,124.51,125.08,78.02,134.18,20846,402.10,198.96,37.40,37.18,34.84,18.84,133.14,9.87034E+11,2.98,33.1,0.98703,,178.8,182.9,0.15,0.06,0.55,0.31,0.65,0.0582,0.3065,0.6406,0.1431,0.5458,,,,,,,,,,,,,,,,,
Alboran Sea,Temperate Northern Atlantic,Mediterranean Sea,36,1565,106,607,2,715,37.63,0.00,52.87,16.69,45.25,16.69,135.88,128.28,88.93,78.67,112.40,5025,409.88,366.82,7.74,4.82,51.70,16.66,92.52,66140664535,0.29,22.6,0.06614,,155.8,221.7,0.17,0.08,0.52,0.28,0.67,0.0050,0.0188,0.0442,0.0112,0.0341,,,,,,,,,,,,,,,,,
Gulf of St. Lawrence - Eastern Scotian Shelf,Temperate Northern Atlantic,Cold Temperate Northwest Atlantic,37,34684,11432,3492,921,15845,9.47,2.98,7.24,4.52,8.36,5.41,1.06,1.51,1.21,1.52,1.13,18961,17.95,26.70,387.04,99.92,8.17,5.12,1.14,18107292778,0.28,6.4,0.01811,,5.8,16.6,0.14,0.08,0.35,0.21,0.49,0.0015,0.0038,0.0089,0.0025,0.0062,,,,,,,,,,,,,,,,,
Southern Grand Banks - South Newfoundland,Temperate Northern Atlantic,Cold Temperate Northwest Atlantic,38,2220,796,218,0,1014,15.70,4.47,14.20,6.40,14.95,7.81,12.13,6.56,13.96,5.13,13.05,6277,141.63,69.43,197.52,91.44,14.79,7.53,13.24,13434042908,0.14,9.4,0.01343,,40.4,83.1,0.09,0.05,0.23,0.12,0.41,0.0007,0.0016,0.0055,0.0012,0.0031,,,,,,,,,,,,,,,,,
Scotian Shelf,Temperate Northern Atlantic,Cold Temperate Northwest Atlantic,39,6619,2976,48,0,3024,9.69,0.78,8.42,3.31,9.05,3.40,6.94,6.00,7.61,5.71,7.28,4496,79.62,65.90,355.13,38.76,9.04,3.39,7.28,22020958538,0.24,9.1,0.02202,,17.3,38.8,0.04,0.02,0.11,0.05,0.19,0.0004,0.0011,0.0041,0.0008,0.0025,,,,,,,,,,,,,,,,,
Gulf of Maine/Bay of Fundy,Temperate Northern Atlantic,Cold Temperate Northwest Atlantic,40,10036,3542,763,281,4585,8.56,1.05,7.55,2.93,8.06,3.11,10.82,7.45,12.55,6.63,11.68,5429,135.09,73.88,428.92,76.72,8.00,2.99,11.77,53985483121,0.62,8.7,0.05399,,5.8,27.7,0.04,0.02,0.11,0.05,0.19,0.0009,0.0026,0.0100,0.0019,0.0061,,,,,,,,,,,,,,,,,
Virginian,Temperate Northern Atlantic,Cold Temperate Northwest Atlantic,41,59943,14449,1379,11556,27385,9.05,3.40,8.84,3.94,8.95,5.20,13.73,7.35,13.79,7.27,13.76,11387,146.05,89.43,415.93,92.23,8.98,4.46,13.75,3.76615E+11,4.00,9.4,0.37661,,5.8,27.7,0.03,0.01,0.13,0.05,0.15,0.0047,0.0190,0.0561,0.0124,0.0493,,,,,,,,,,,,,,,,,
Carolinian,Temperate Northern Atlantic,Warm Temperate Northwest Atlantic,42,59444,0,0,27157,27157,21.48,9.89,22.74,12.25,22.11,15.74,9.23,16.86,8.60,14.79,8.91,7971,36.12,65.14,147.40,93.59,21.48,9.89,9.23,2.50546E+11,0.98,25.5,0.25055,,5.8,16.6,0.02,0.01,0.08,0.03,0.10,0.0013,0.0064,0.0246,0.0050,0.0199,,,,,,,,,,,,,,,,,
Northern Gulf of Mexico,Temperate Northern Atlantic,Warm Temperate Northwest Atlantic,43,126779,2734,0,55185,57919,16.25,7.14,16.02,7.54,16.13,10.39,21.28,15.11,21.41,15.01,21.35,19155,150.07,104.53,233.40,191.86,16.24,7.33,21.29,1.23287E+12,8.69,14.2,1.23287,,40.4,83.1,0.43,0.06,0.82,0.20,0.82,0.0727,0.2423,1.0153,0.5351,1.0140,,,,,,,,,,,,,,,,,
Sea of Okhotsk,Temperate Northern Pacific,Cold Temperate Northwest Pacific,45,58637,2511,23888,389,26788,8.33,4.42,7.92,4.56,8.13,6.35,11.62,17.93,12.35,18.23,11.98,57924,170.82,254.30,584.77,385.05,7.95,4.75,12.31,3.29671E+11,4.58,7.2,0.32967,,75.0,138.6,0.47,0.20,0.61,0.30,0.81,0.0658,0.0981,0.2677,0.1556,0.1996,,,,,,,,,,,,,,,,,
Kamchatka Shelf and Coast,Temperate Northern Pacific,Cold Temperate Northwest Pacific,46,4743,452,153,1562,2167,22.80,9.72,24.14,13.49,23.47,16.63,126.41,96.91,113.12,66.38,119.77,25444,451.33,228.78,124.04,92.82,23.03,11.77,124.09,2.68851E+11,0.98,27.5,0.26885,,63.5,138.6,0.17,0.06,0.42,0.18,0.74,0.0162,0.0475,0.1979,0.0465,0.1137,,,,,,,,,,,,,,,,,
Oyashio Current,Temperate Northern Pacific,Cold Temperate Northwest Pacific,47,9237,3698,352,169,4220,21.76,9.43,24.48,18.25,23.12,20.54,57.78,118.56,47.41,74.60,52.60,15937,219.00,222.82,128.46,87.25,23.18,20.03,52.37,2.20995E+11,0.92,23.9,0.22100,,121.2,194.0,0.18,0.08,0.31,0.13,0.66,0.0172,0.0290,0.1465,0.0393,0.0681,,,,,,,,,,,,,,,,,
Northeastern Honshu,Temperate Northern Pacific,Cold Temperate Northwest Pacific,48,4617,2105,4,0,2109,19.90,7.15,19.41,9.18,19.65,11.63,52.69,39.12,53.22,36.23,52.95,4375,351.38,169.92,146.13,116.26,19.65,11.63,52.95,1.11704E+11,0.74,15.1,0.11170,,5.8,171.8,0.43,0.25,0.76,0.45,0.80,0.0280,0.0499,0.0898,0.0479,0.0847,,,,,,,,,,,,,,,,,
Sea of Japan/East Sea,Temperate Northern Pacific,Cold Temperate Northwest Pacific,49,26412,9145,2858,63,12066,18.05,8.55,16.78,11.28,17.41,14.15,20.25,25.23,20.00,23.43,20.13,32289,126.75,141.54,200.01,206.49,17.27,13.50,20.10,2.42502E+11,1.53,15.9,0.24250,,155.8,221.7,NA,NA,NA,NA,NA,NA,NA,NA,NA,NA,,,,,,,,,,,,,,,,,
Yellow Sea,Temperate Northern Pacific,Cold Temperate Northwest Pacific,50,192987,76607,4859,6700,88165,2.79,2.45,2.57,2.72,2.68,3.66,2.27,2.86,2.41,2.80,2.34,20096,68.66,52.81,1713.06,627.12,2.68,3.54,2.34,2.06238E+11,6.05,3.4,0.20624,,5.8,5.5,0.01,0.00,0.07,0.01,0.43,0.0005,0.0027,0.0893,0.0026,0.0135,,,,,,,,,,,,,,,,,
Central Kuroshio Current,Temperate Northern Pacific,Warm Temperate Northwest Pacific,51,19789,8843,104,94,9041,25.60,12.09,31.06,21.85,28.33,24.98,106.64,184.26,83.34,114.99,94.99,9863,313.95,379.34,130.70,156.27,28.33,24.84,94.98,8.5864E+11,2.84,30.3,0.85864,,5.8,16.6,0.03,0.00,0.07,0.02,0.56,0.0025,0.0146,0.4787,0.0228,0.0635,,,,,,,,,,,,,,,,,
East China Sea,Temperate Northern Pacific,Warm Temperate Northwest Pacific,52,63404,21644,658,6664,28966,9.48,5.55,9.40,5.91,9.44,8.10,8.60,15.89,8.65,15.90,8.62,16298,82.07,126.09,501.18,315.65,9.45,7.55,8.62,2.49609E+11,2.38,10.5,0.24961,,5.8,16.6,0.03,0.00,0.08,0.02,0.50,0.0007,0.0046,0.1242,0.0068,0.0193,,,,,,,,,,,,,,,,,
Aleutian Islands,Temperate Northern Pacific,Cold Temperate Northeast Pacific,53,3211,1443,8,16,1467,30.30,8.63,37.55,17.67,33.92,19.66,239.26,196.05,193.80,132.71,216.53,23097,554.13,301.68,54.57,54.72,33.90,19.57,216.65,3.17805E+11,0.81,39.1,0.31780,,75.0,171.8,0.12,0.05,0.47,0.21,0.80,0.0153,0.0664,0.2552,0.0392,0.1500,,,,,,,,,,,,,,,,,
Gulf of Alaska,Temperate Northern Pacific,Cold Temperate Northeast Pacific,54,24378,10331,216,590,11137,17.81,5.95,16.09,8.02,16.95,9.99,42.25,34.79,46.83,32.67,44.54,28088,257.66,186.39,164.58,91.28,16.98,9.78,44.46,4.95162E+11,2.87,17.3,0.49516,,17.3,72.1,0.02,0.01,0.29,0.11,0.82,0.0030,0.0567,0.4058,0.0097,0.1446,,,,,,,,,,,,,,,,,
North American Pacific Fijordland,Temperate Northern Pacific,Cold Temperate Northeast Pacific,55,15272,6928,48,1,6977,23.59,6.52,21.01,12.28,22.30,13.91,64.27,60.58,67.61,49.59,65.94,19346,227.71,165.03,107.81,101.13,22.29,13.89,65.95,4.60123E+11,1.59,29.0,0.46012,,17.3,94.2,0.08,0.02,0.34,0.13,0.65,0.0108,0.0607,0.2989,0.0354,0.1581,,,,,,,,,,,,,,,,,
Puget Trough/Georgia Basin,Temperate Northern Pacific,Cold Temperate Northeast Pacific,56,2914,1329,3,0,1331,12.83,2.66,10.04,5.83,11.44,6.41,16.96,12.26,21.60,10.28,19.28,3645,172.90,84.65,255.86,113.83,10.04,5.83,21.60,25671005785,0.23,11.2,0.02567,,40.4,72.1,0.15,0.04,0.48,0.17,0.52,0.0010,0.0044,0.0132,0.0038,0.0123,,,,,,,,,,,,,,,,,
"Oregon, Washington, Vancouver Coast and Shelf",Temperate Northern Pacific,Cold Temperate Northeast Pacific,57,6101,2777,10,0,2787,31.82,6.93,33.62,14.12,32.72,15.73,131.69,112.20,116.58,84.27,124.14,9190,323.65,175.55,51.05,44.34,33.62,14.12,116.58,3.45928E+11,0.90,38.3,0.34593,,17.3,83.1,0.35,0.09,0.69,0.25,0.56,0.0320,0.0877,0.1927,0.1221,0.2370,,,,,,,,,,,,,,,,,
Northern California,Temperate Northern Pacific,Cold Temperate Northeast Pacific,58,3028,1383,1,0,1383,37.63,0.01,46.71,19.06,42.17,19.06,229.67,119.61,164.08,64.22,196.88,8577,385.15,135.07,12.91,10.63,42.17,19.06,196.86,2.72332E+11,0.53,51.1,0.27233,,63.5,127.5,0.53,0.13,0.91,0.39,0.65,0.0367,0.1061,0.1774,0.1452,0.2490,,,,,,,,,,,,,,,,,
Southern California Bight,Temperate Northern Pacific,Warm Temperate Northeast Pacific,59,6158,2743,12,58,2813,33.57,6.32,37.37,20.54,35.47,21.49,217.85,151.49,174.82,87.75,196.33,9291,518.56,261.77,34.92,44.14,35.44,21.29,196.68,5.53275E+11,1.46,37.9,0.55327,,40.4,194.0,0.32,0.06,0.96,0.54,0.68,0.0324,0.2990,0.3762,0.1743,0.5289,,,,,,,,,,,,,,,,,
Cortezian,Temperate Northern Pacific,Warm Temperate Northeast Pacific,60,15779,4,0,7204,7208,32.93,7.76,40.29,20.20,36.61,21.64,1.95,6.34,1.49,4.26,1.72,13721,4.77,9.39,44.81,67.17,32.94,7.78,1.95,14051220349,0.03,40.9,0.01405,,17.3,205.1,0.46,0.09,0.98,0.54,0.79,0.0012,0.0076,0.0110,0.0065,0.0138,,,,,,,,,,,,,,,,,
Magdalena Transition,Temperate Northern Pacific,Warm Temperate Northeast Pacific,61,2624,508,675,16,1199,36.06,3.77,38.76,16.71,37.41,17.13,24.93,48.66,23.75,47.13,24.34,2659,71.01,155.92,27.21,21.48,38.15,16.78,24.01,28783662213,0.09,33.8,0.02878,,40.4,194.0,0.25,0.02,1.00,0.65,0.71,0.0006,0.0188,0.0204,0.0073,0.0288,,,,,,,,,,,,,,,,,
Bermuda,Tropical Atlantic,Tropical Northwestern Atlantic,62,674,0,0,308,308,37.63,0.00,70.08,1.05,53.85,1.05,943.97,116.25,506.56,59.42,725.26,5221,1241.87,165.80,0.31,0.46,37.63,0.00,943.97,2.9076E+11,0.38,76.0,0.29076,,5.8,38.8,0.03,0.01,0.08,0.03,0.17,0.0026,0.0074,0.0486,0.0100,0.0237,,,,,,,,,,,,,,,,,
Bahamian,Tropical Atlantic,Tropical Northwestern Atlantic,63,96413,0,0,44046,44046,31.85,8.90,43.22,19.82,37.54,21.73,41.77,27.93,30.45,14.76,36.11,12217,96.30,35.23,48.63,74.93,31.85,8.90,41.77,1.83981E+12,4.24,43.4,1.83981,,5.8,27.7,0.01,0.00,0.07,0.02,0.22,0.0028,0.0368,0.3956,0.0193,0.1306,,,,,,,,,,,,,,,,,
Eastern Caribbean,Tropical Atlantic,Tropical Northwestern Atlantic,64,9909,0,0,4527,4527,37.63,0.00,60.89,11.20,49.26,11.20,89.73,45.23,54.21,21.84,71.97,10394,141.47,53.63,5.07,5.69,37.63,0.00,89.73,4.0621E+11,0.64,63.4,0.40621,,17.3,49.9,0.13,0.02,0.28,0.07,0.47,0.0063,0.0272,0.1894,0.0514,0.1137,,,,,,,,,,,,,,,,,
Greater Antilles,Tropical Atlantic,Tropical Northwestern Atlantic,65,59697,0,0,27272,27272,30.14,10.66,41.26,22.94,35.70,25.29,38.37,32.72,26.79,18.12,32.58,15838,92.21,38.41,81.89,222.77,30.14,10.66,38.37,1.04656E+12,2.51,41.6,1.04656,,5.8,27.7,0.06,0.01,0.15,0.04,0.33,0.0078,0.0403,0.3427,0.0649,0.1601,,,,,,,,,,,,,,,,,
Southern Caribbean,Tropical Atlantic,Tropical Northwestern Atlantic,66,9097,0,0,4156,4156,29.61,9.10,33.74,16.64,31.68,18.96,161.17,130.28,140.44,107.41,150.81,13064,408.82,352.88,71.42,89.80,29.61,9.10,161.17,6.69785E+11,1.70,39.4,0.66979,,28.8,61.0,0.23,0.03,0.32,0.10,0.58,0.0200,0.0653,0.3861,0.1561,0.2111,,,,,,,,,,,,,,,,,
Southwestern Caribbean,Tropical Atlantic,Tropical Northwestern Atlantic,67,77630,0,0,35465,35465,30.90,7.91,36.84,16.97,33.87,18.73,89.25,72.65,74.40,49.53,81.83,13831,258.00,135.67,52.28,51.41,30.90,7.91,89.25,3.16542E+12,9.15,34.6,3.16542,,28.8,72.1,0.23,0.03,0.67,0.14,0.71,0.0902,0.4275,2.2617,0.7265,2.1066,,,,,,,,,,,,,,,,,
Western Caribbean,Tropical Atlantic,Tropical Northwestern Atlantic,68,15328,0,0,7002,7002,30.68,8.89,35.56,17.63,33.12,19.75,55.99,34.85,47.51,20.34,51.75,4890,143.95,44.68,70.21,89.38,30.68,8.89,55.99,3.9203E+11,1.01,38.9,0.39203,,17.3,61.0,0.27,0.03,0.70,0.14,0.77,0.0133,0.0553,0.3013,0.1070,0.2740,,,,,,,,,,,,,,,,,
Southern Gulf of Mexico,Tropical Atlantic,Tropical Northwestern Atlantic,69,73915,0,0,33768,33768,22.33,9.49,23.28,12.11,22.80,15.39,18.61,20.21,17.91,18.68,18.26,14649,77.19,60.95,132.44,113.28,22.33,9.49,18.61,6.28473E+11,2.61,24.1,0.62847,,51.9,94.2,0.43,0.06,0.83,0.19,0.82,0.0355,0.1182,0.5153,0.2728,0.5229,,,,,,,,,,,,,,,,,
Floridian,Tropical Atlantic,Tropical Northwestern Atlantic,70,46703,0,0,21336,21336,17.37,10.71,18.31,13.27,17.84,17.05,15.70,18.56,15.09,17.93,15.39,3115,83.62,99.92,244.32,183.59,17.37,10.71,15.70,3.34963E+11,1.78,18.8,0.33496,,28.8,83.1,0.43,0.06,0.83,0.19,0.82,0.0189,0.0630,0.2752,0.1454,0.2787,,,,,,,,,,,,,,,,,
Guianan,Tropical Atlantic,North Brazil Shelf,71,76259,0,0,34839,34839,26.36,5.14,25.78,6.68,26.07,8.43,57.78,42.14,58.71,41.70,58.24,12548,225.82,130.92,72.74,29.21,26.36,5.14,57.78,2.01301E+12,7.87,25.6,2.01301,,28.8,72.1,0.25,0.03,0.59,0.09,0.62,0.0683,0.1902,1.2420,0.5053,1.1847,,,,,,,,,,,,,,,,,
Amazonia,Tropical Atlantic,North Brazil Shelf,72,152659,0,0,69742,69742,28.20,7.90,30.71,13.45,29.45,15.60,154.79,101.41,142.83,97.31,148.81,17923,509.37,306.79,70.44,57.08,28.20,7.90,154.79,1.0795E+13,35.52,30.4,10.79503,,28.8,61.0,0.20,0.02,0.72,0.19,0.73,0.2629,2.0888,7.9074,2.1860,7.7670,,,,,,,,,,,,,,,,,
Northeastern Brazil,Tropical Atlantic,Tropical Southwestern Atlantic,75,5388,4,0,2458,2461,32.01,7.29,34.71,10.24,33.36,12.57,122.66,141.42,110.59,115.53,116.62,13770,368.79,352.61,47.38,38.42,32.01,7.30,122.65,3.01894E+11,0.91,33.3,0.30189,,28.8,149.6,0.15,0.02,0.78,0.26,0.78,0.0049,0.0795,0.2349,0.0442,0.2356,,,,,,,,,,,,,,,,,
Eastern Brazil,Tropical Atlantic,Tropical Southwestern Atlantic,76,4123,1619,6,258,1884,35.37,3.77,39.71,9.56,37.54,10.27,140.66,113.90,128.68,106.65,134.67,13047,416.29,348.77,32.40,17.24,37.25,9.64,135.47,2.55195E+11,0.78,32.5,0.25519,,17.3,83.1,0.11,0.01,0.47,0.09,0.84,0.0032,0.0217,0.2154,0.0276,0.1203,,,,,,,,,,,,,,,,,
Sahelian Upwelling,Tropical Atlantic,West African Transition,80,0,0,0,0,0,26.92,8.42,25.45,11.69,26.19,14.41,494.37,117.76,481.73,89.75,488.05,8706,1684.00,0.00,92.37,99.53,26.92,8.42,494.37,0,0.00,0.0,0.00000,,28.8,127.5,NA,NA,NA,NA,NA,NA,NA,NA,NA,NA,,,,,,,,,,,,,,,,,
Angolan,Tropical Atlantic,Gulf of Guinea,86,2948,0,0,1347,1347,30.87,5.17,30.70,15.21,30.78,16.06,160.04,53.31,162.01,50.76,161.02,9652,544.02,134.97,43.02,26.50,30.87,5.17,160.04,2.15577E+11,0.73,29.4,0.21558,,5.8,149.6,0.00,0.00,0.87,0.33,0.94,0.0000,0.0714,0.2033,0.0001,0.1873,,,,,,,,,,,,,,,,,
Northern and Central Red Sea,Western Indo-Pacific,Red Sea and Gulf of Aden,87,7787,1094,505,1958,3558,30.41,11.06,33.83,22.78,32.12,25.32,18.92,16.60,17.04,11.59,17.98,14538,69.04,39.36,110.39,227.72,31.42,18.39,18.36,65331107533,0.25,26.6,0.06533,,109.6,221.7,NA,NA,NA,NA,NA,NA,NA,NA,NA,NA,,,,,,,,,,,,,,,,,
Southern Red Sea,Western Indo-Pacific,Red Sea and Gulf of Aden,88,52435,7801,10989,5165,23955,19.28,6.76,18.26,8.56,18.77,10.90,9.29,4.13,9.78,3.33,9.53,11316,56.26,15.77,144.93,73.73,18.65,9.06,9.59,2.29797E+11,1.35,17.1,0.22980,,109.6,221.7,0.40,0.22,0.98,0.80,0.96,0.0506,0.1846,0.2213,0.0908,0.2252,,,,,,,,,,,,,,,,,
Gulf of Aden,Western Indo-Pacific,Red Sea and Gulf of Aden,89,6408,2119,193,616,2927,37.47,0.94,53.86,15.03,45.67,15.05,32.34,13.97,24.49,9.13,28.41,13341,64.41,22.49,9.57,9.77,44.48,13.38,28.98,84833444843,0.19,45.0,0.08483,,109.6,221.7,0.36,0.20,0.98,0.72,0.98,0.0170,0.0614,0.0832,0.0308,0.0829,,,,,,,,,,,,,,,,,
Arabian (Persian) Gulf,Western Indo-Pacific,Somali/Arabian,90,111420,35034,0,15868,50902,3.24,1.65,2.96,1.78,3.10,2.43,0.79,1.31,0.84,1.37,0.81,16436,22.28,28.06,1441.57,671.43,3.14,2.22,0.81,41103513970,1.13,3.6,0.04110,,NA,NA,NA,NA,NA,NA,NA,NA,NA,NA,NA,NA,,,,,,,,,,,,,,,,,
Gulf of Oman,Western Indo-Pacific,Somali/Arabian,91,1674,582,0,183,765,17.90,7.89,17.29,9.04,17.60,12.00,4.07,3.20,4.33,3.17,4.20,9040,34.70,12.51,187.55,158.49,17.90,7.89,4.07,3187858633,0.03,12.0,0.00319,,230.8,221.7,NA,NA,NA,NA,NA,NA,NA,NA,NA,NA,,,,,,,,,,,,,,,,,
Western Arabian Sea,Western Indo-Pacific,Somali/Arabian,92,3742,0,0,1709,1709,18.16,9.12,20.84,16.44,19.50,18.80,113.24,82.60,115.61,83.00,114.42,11845,765.71,651.83,169.16,109.88,18.16,9.12,113.24,1.93561E+11,1.31,14.8,0.19356,,190.4,221.7,0.50,0.31,0.99,0.83,0.97,0.0592,0.1607,0.1871,0.0960,0.1909,,,,,,,,,,,,,,,,,
Northern Monsoon Current Coast,Western Indo-Pacific,Western Indian Ocean,94,2292,494,0,553,1047,37.63,0.00,57.14,6.57,47.38,6.57,95.80,11.54,66.06,1.41,80.93,6957,183.61,17.50,9.04,5.22,42.23,4.51,88.79,92981538650,0.19,48.4,0.09298,,98.1,221.7,0.39,0.16,0.85,0.48,0.96,0.0145,0.0443,0.0891,0.0364,0.0794,,,,,,,,,,,,,,,,,
East African Coral Coast,Western Indo-Pacific,Western Indian Ocean,95,15916,3851,0,3420,7271,36.84,1.57,44.31,12.49,40.57,12.59,65.88,21.90,57.50,11.62,61.69,12623,159.94,31.52,21.71,12.84,36.84,1.57,65.88,4.62884E+11,1.16,39.8,0.46288,,51.9,83.1,0.28,0.09,0.72,0.36,0.89,0.0398,0.1659,0.4127,0.1275,0.3337,,,,,,,,,,,,,,,,,
Seychelles,Western Indo-Pacific,Western Indian Ocean,96,8749,0,0,3997,3997,37.57,0.28,51.78,13.48,44.68,13.48,63.33,35.10,45.70,14.26,54.51,13863,130.79,43.39,13.10,10.74,37.57,0.28,63.33,2.53146E+11,0.52,48.4,0.25315,,40.4,160.7,0.32,0.10,0.74,0.37,0.91,0.0254,0.0943,0.2300,0.0809,0.1883,,,,,,,,,,,,,,,,,
Cargados Carajos/Tromelin Island,Western Indo-Pacific,Western Indian Ocean,97,1147,478,0,45,524,37.27,1.20,50.54,17.57,43.90,17.61,58.21,8.40,41.28,4.04,49.75,9858,108.03,10.74,11.76,11.90,37.27,1.20,58.21,26440302703,0.06,46.7,0.02644,,28.8,160.7,NA,NA,NA,NA,NA,NA,NA,NA,NA,NA,,,,,,,,,,,,,,,,,
Mascarene Islands,Western Indo-Pacific,Western Indian Ocean,98,238,0,0,109,109,37.63,0.00,66.54,11.63,52.08,11.63,77.58,11.70,43.99,9.60,60.79,12584,110.62,20.16,0.63,1.26,37.63,0.00,77.58,8442817744,0.01,70.1,0.00844,,5.8,38.8,NA,NA,NA,NA,NA,NA,NA,NA,NA,NA,,,,,,,,,,,,,,,,,
Western and Northern Madagascar,Western Indo-Pacific,Western Indian Ocean,100,23943,0,10925,13,10938,30.50,7.28,34.17,16.73,32.34,18.25,50.59,32.41,47.33,29.07,48.96,19033,159.41,73.55,49.04,42.62,34.16,16.72,47.34,5.17776E+11,1.74,29.7,0.51778,,17.3,116.4,0.03,0.01,0.18,0.05,0.32,0.0039,0.0274,0.1657,0.0150,0.0953,,,,,,,,,,,,,,,,,
Bight of Sofala/Swamp Coast,Western Indo-Pacific,Western Indian Ocean,101,25373,0,0,11592,11592,26.39,6.87,27.85,10.27,27.12,12.35,59.32,29.05,57.23,28.13,58.28,8004,204.62,75.27,77.30,55.73,26.39,6.87,59.32,6.87561E+11,2.37,29.0,0.68756,,5.8,38.8,0.05,0.01,0.19,0.05,0.53,0.0079,0.0371,0.3617,0.0337,0.1334,,,,,,,,,,,,,,,,,
Delagoa,Western Indo-Pacific,Western Indian Ocean,102,6827,1899,0,1220,3119,35.35,2.96,38.67,7.77,37.01,8.31,85.95,70.93,79.10,63.04,82.53,8053,288.60,209.97,31.29,13.46,35.35,2.96,85.95,2.61559E+11,0.90,29.1,0.26156,,5.8,38.8,0.04,0.01,0.16,0.05,0.22,0.0026,0.0122,0.0583,0.0098,0.0428,,,,,,,,,,,,,,,,,
Western India,Western Indo-Pacific,West and South Indian Shelf,103,46910,0,0,21431,21431,19.39,8.51,19.55,10.63,19.47,13.62,37.90,26.20,37.80,25.54,37.85,21443,191.83,98.40,170.30,130.68,19.39,8.51,37.90,8.12133E+11,4.11,19.8,0.81213,,213.5,221.7,0.71,0.48,1.00,0.87,0.98,0.3914,0.7067,0.7922,0.5738,0.8101,,,,,,,,,,,,,,,,,
South India and Sri Lanka,Western Indo-Pacific,West and South Indian Shelf,104,37263,12501,0,4522,17023,29.96,7.51,34.54,16.15,32.25,17.81,61.82,58.38,49.21,33.86,55.51,9410,164.05,90.58,54.55,55.18,29.96,7.51,61.82,9.73527E+11,2.79,34.9,0.97353,,75.0,221.7,0.38,0.11,0.97,0.57,0.88,0.1095,0.5515,0.8582,0.3719,0.9433,,,,,,,,,,,,,,,,,
Maldives,Western Indo-Pacific,Central Indian Ocean Islands,105,1435,0,605,51,656,37.63,0.00,66.19,7.95,51.91,7.95,136.03,28.44,75.94,14.51,105.99,15272,223.48,45.21,1.68,1.77,63.98,7.64,80.59,52842839931,0.15,36.1,0.05284,,98.1,221.7,NA,NA,NA,NA,NA,NA,NA,NA,NA,NA,,,,,,,,,,,,,,,,,
Chagos,Western Indo-Pacific,Central Indian Ocean Islands,106,5532,0,0,2527,2527,37.63,0.00,57.63,9.02,47.63,9.02,183.67,81.61,126.05,52.10,154.86,7390,366.65,162.25,8.37,7.08,37.63,0.00,183.67,4.64195E+11,0.93,50.1,0.46420,,63.5,205.1,0.30,0.08,0.80,0.38,0.84,0.0394,0.1769,0.3902,0.1369,0.3727,,,,,,,,,,,,,,,,,
Eastern India,Western Indo-Pacific,Bay of Bengal,107,18108,256,0,8016,8272,34.76,4.11,38.25,8.13,36.51,9.11,77.49,29.85,70.46,24.69,73.98,11916,205.92,71.33,35.49,18.63,34.76,4.11,77.49,6.40111E+11,1.70,37.6,0.64011,,28.8,221.7,0.39,0.04,0.96,0.55,0.86,0.0282,0.3508,0.5476,0.2492,0.6145,,,,,,,,,,,,,,,,,
Northern Bay of Bengal,Western Indo-Pacific,Bay of Bengal,108,102395,0,0,46779,46779,20.18,7.89,19.43,9.26,19.81,12.17,33.53,19.42,34.03,18.25,33.78,19008,172.43,49.37,145.55,95.04,20.18,7.89,33.53,1.56863E+12,8.07,19.4,1.56863,,28.8,221.7,0.43,0.04,0.96,0.54,0.87,0.0565,0.8525,1.3608,0.6675,1.5020,,,,,,,,,,,,,,,,,
Andaman and Nicobar Islands,Western Indo-Pacific,Andaman,109,7776,138,0,3414,3553,33.59,6.18,39.62,17.72,36.60,18.77,59.24,40.83,48.09,21.00,53.66,9305,144.07,49.26,35.47,35.54,33.70,7.10,59.02,2.09679E+11,0.51,41.0,0.20968,,40.4,221.7,0.35,0.05,0.96,0.55,0.87,0.0108,0.1144,0.1827,0.0732,0.2008,,,,,,,,,,,,,,,,,
Andaman Sea Coral Coast,Western Indo-Pacific,Andaman,110,39636,0,0,18107,18107,13.60,2.38,13.02,3.65,13.31,4.36,12.19,7.85,12.72,7.88,12.46,3934,91.43,49.23,222.81,65.64,13.60,2.38,12.19,2.20711E+11,1.66,13.3,0.22071,,40.4,221.7,0.19,0.06,0.96,0.54,0.88,0.0121,0.1190,0.1932,0.0426,0.2120,,,,,,,,,,,,,,,,,
Western Sumatra,Western Indo-Pacific,Andaman,111,18158,0,0,8295,8295,33.18,5.80,39.65,17.85,36.41,18.77,75.60,41.80,64.07,20.95,69.83,10512,192.53,44.86,35.45,31.29,33.18,5.80,75.60,6.27093E+11,1.60,39.3,0.62709,,40.4,160.7,0.41,0.09,0.94,0.46,0.80,0.0583,0.2863,0.5045,0.2593,0.5863,,,,,,,,,,,,,,,,,
Gulf of Tonkin,Central Indo-Pacific,South China Sea,112,72089,11543,0,21391,32934,8.62,4.36,8.54,4.47,8.58,6.25,8.11,3.58,8.18,3.50,8.15,16375,112.03,57.67,531.34,266.31,8.61,5.11,8.12,2.67499E+11,3.69,7.2,0.26750,,28.8,83.1,0.21,0.03,0.50,0.14,0.67,0.0084,0.0365,0.1803,0.0570,0.1333,,,,,,,,,,,,,,,,,
Southern China,Central Indo-Pacific,South China Sea,113,50177,16688,228,6008,22923,18.90,9.07,19.60,11.60,19.25,14.72,30.01,25.83,29.53,25.56,29.77,9331,188.15,170.65,168.16,95.83,19.16,13.44,29.83,6.83831E+11,4.31,15.9,0.68383,,17.3,83.1,0.11,0.02,0.38,0.10,0.49,0.0135,0.0701,0.3337,0.0769,0.2585,,,,,,,,,,,,,,,,,
South China Sea Oceanic Islands,Central Indo-Pacific,South China Sea,114,338,0,0,154,154,33.60,7.57,30.44,22.72,32.02,23.95,48.20,18.57,31.89,4.25,40.05,15210,86.17,10.97,38.75,55.74,33.60,7.57,48.20,7434402015,0.01,55.9,0.00743,,40.4,94.2,NA,NA,NA,NA,NA,NA,NA,NA,NA,NA,,,,,,,,,,,,,,,,,
Gulf of Thailand,Central Indo-Pacific,Sunda Shelf,115,88290,37040,0,3295,40335,3.64,0.69,3.61,0.77,3.62,1.03,1.84,1.55,1.85,1.54,1.85,7676,45.26,28.75,1161.43,190.72,3.62,1.01,1.85,74449379546,1.83,4.1,0.07445,,NA,NA,0.59,0.06,0.75,0.19,0.17,0.0046,0.0139,0.0129,0.0442,0.0561,,,,,,,,,,,,,,,,,
Southern Vietnam,Central Indo-Pacific,Sunda Shelf,116,64111,26594,0,2695,29289,14.71,5.98,14.63,6.14,14.67,8.57,9.92,5.22,9.97,5.18,9.94,4121,66.70,30.25,321.55,373.31,14.68,8.37,9.94,2.9108E+11,1.95,14.9,0.29108,,51.9,94.2,0.34,0.04,0.55,0.15,0.24,0.0124,0.0450,0.0688,0.0997,0.1597,,,,,,,,,,,,,,,,,
Sunda Shelf/Java Sea,Central Indo-Pacific,Sunda Shelf,117,359160,130270,0,33811,164081,9.74,4.59,9.66,4.68,9.70,6.56,9.13,3.72,9.17,3.67,9.15,23328,103.61,51.45,432.82,184.84,9.71,6.20,9.14,1.5005E+12,17.00,8.8,1.50050,,40.4,94.2,0.13,0.03,0.28,0.17,0.71,0.0465,0.2618,1.0639,0.1936,0.4196,,,,,,,,,,,,,,,,,
Malacca Strait,Central Indo-Pacific,Sunda Shelf,118,51520,13522,0,10014,23537,8.91,2.60,8.56,3.14,8.73,4.08,6.31,4.38,6.47,4.27,6.39,4147,67.27,32.60,441.71,165.61,8.81,3.53,6.36,1.49685E+11,1.58,9.5,0.14968,,NA,NA,0.36,0.04,0.39,0.15,0.38,0.0064,0.0222,0.0566,0.0539,0.0590,,,,,,,,,,,,,,,,,
Southern Java,Central Indo-Pacific,Java Transitional,119,18618,5211,0,3294,8506,17.70,14.58,18.69,17.62,18.19,22.87,26.74,28.83,24.60,22.05,25.67,8603,231.40,80.22,386.95,343.25,17.70,14.58,26.74,2.21887E+11,1.97,11.3,0.22189,,40.4,149.6,0.18,0.04,0.79,0.32,0.76,0.0085,0.0711,0.1689,0.0399,0.1758,,,,,,,,,,,,,,,,,
Cocos-Keeling/Christmas Island,Central Indo-Pacific,Java Transitional,120,64,29,0,0,29,37.63,0.00,70.80,0.25,54.21,0.25,249.05,NA,132.04,NA,190.54,9885,322.86,15.89,0.09,0.12,37.63,0.00,249.05,5601910330,0.01,59.0,0.00560,,NA,NA,NA,NA,NA,NA,NA,NA,NA,NA,NA,NA,,,,,,,,,,,,,,,,,
South Kuroshio,Central Indo-Pacific,South Kuroshio,121,1480,421,52,204,676,37.63,0.00,63.56,14.18,50.59,14.18,49.17,22.36,29.41,10.99,39.29,12945,93.56,51.39,1.90,1.85,47.68,11.85,41.51,28066811226,0.06,44.4,0.02807,,5.8,16.6,NA,NA,NA,NA,NA,NA,NA,NA,NA,NA,,,,,,,,,,,,,,,,,
Ogasawara Islands,Central Indo-Pacific,Tropical Northwestern Pacific,122,17,0,0,8,8,37.63,0.00,70.78,0.20,54.20,0.20,28.68,7.15,15.29,3.82,21.99,14552,40.64,7.18,0.13,0.09,37.63,0.00,28.68,219532770.4,0.00,70.6,0.00022,,NA,NA,NA,NA,NA,NA,NA,NA,NA,NA,NA,NA,,,,,,,,,,,,,,,,,
Mariana Islands,Central Indo-Pacific,Tropical Northwestern Pacific,123,99,0,0,45,45,37.63,0.00,70.76,0.30,54.19,0.30,213.49,10.71,113.54,6.18,163.51,12028,260.31,38.88,0.11,0.14,37.76,0.03,213.08,9655348837,0.01,81.9,0.00966,,5.8,61.0,NA,NA,NA,NA,NA,NA,NA,NA,NA,NA,,,,,,,,,,,,,,,,,
East Caroline Islands,Central Indo-Pacific,Tropical Northwestern Pacific,124,857,0,0,392,392,37.63,0.00,68.12,5.06,52.87,5.06,198.14,10.86,109.22,4.18,153.68,26243,283.67,12.66,1.17,1.24,37.63,0.00,198.14,77609827951,0.11,69.9,0.07761,,5.8,171.8,NA,NA,NA,NA,NA,NA,NA,NA,NA,NA,,,,,,,,,,,,,,,,,
West Caroline Islands,Central Indo-Pacific,Tropical Northwestern Pacific,125,1417,333,0,315,648,37.63,0.00,69.88,1.72,53.76,1.72,193.74,31.08,104.60,16.06,149.17,11678,283.02,26.91,0.47,0.78,45.92,1.24,170.82,1.10617E+11,0.18,60.4,0.11062,,5.8,83.1,0.00,0.00,0.34,0.09,0.78,0.0000,0.0100,0.0867,0.0001,0.0372,,,,,,,,,,,,,,,,,
Palawan/North Borneo,Central Indo-Pacific,Western Coral Triangle,126,61997,15751,0,12572,28323,30.79,8.52,31.06,16.57,30.93,18.63,28.56,23.22,28.10,16.82,28.33,10145,94.78,48.77,61.04,67.44,30.79,8.52,28.56,8.0536E+11,2.68,30.0,0.80536,,28.8,94.2,0.11,0.03,0.37,0.14,0.45,0.0205,0.1095,0.3584,0.0886,0.2980,,,,,,,,,,,,,,,,,
Eastern Philippines,Central Indo-Pacific,Western Coral Triangle,127,30881,4463,0,9645,14108,33.71,7.41,34.88,23.49,34.30,24.63,77.51,94.42,63.83,53.52,70.67,14097,176.81,123.59,61.30,252.19,33.89,15.15,75.35,1.06301E+12,2.49,42.6,1.06301,,5.8,72.1,0.09,0.02,0.34,0.11,0.41,0.0191,0.1121,0.4326,0.0935,0.3561,,,,,,,,,,,,,,,,,
Sulawesi Sea/Makassar Strait,Central Indo-Pacific,Western Coral Triangle,128,41648,13001,0,6025,19027,23.12,13.47,26.48,21.76,24.80,25.60,23.73,20.29,22.27,15.60,23.00,10781,117.45,41.77,193.14,216.25,24.26,22.48,23.23,4.41968E+11,2.23,19.8,0.44197,,5.8,83.1,0.05,0.01,0.41,0.15,0.72,0.0055,0.0665,0.3189,0.0241,0.1794,,,,,,,,,,,,,,,,,
Papua,Central Indo-Pacific,Western Coral Triangle,130,571,0,0,261,261,29.97,9.02,28.57,20.33,29.27,22.24,104.94,74.36,101.22,18.74,103.08,10002,282.94,35.94,62.56,75.40,29.97,9.02,104.94,27372182838,0.07,37.1,0.02737,,5.8,83.1,NA,NA,NA,NA,NA,NA,NA,NA,NA,NA,,,,,,,,,,,,,,,,,
Banda Sea,Central Indo-Pacific,Western Coral Triangle,131,14602,207,0,6464,6671,28.33,12.73,24.24,27.12,26.29,29.96,17.38,25.24,28.78,18.69,23.08,12044,107.41,46.07,234.74,642.14,28.27,13.59,17.55,1.17091E+11,0.72,16.3,0.11709,,17.3,127.5,0.04,0.01,0.51,0.19,0.74,0.0006,0.0219,0.0866,0.0046,0.0592,,,,,,,,,,,,,,,,,
Lesser Sunda,Central Indo-Pacific,Western Coral Triangle,132,554,0,0,253,253,31.32,7.85,30.56,23.05,30.94,24.35,57.46,44.15,63.04,29.72,60.25,8563,227.95,94.36,48.78,59.56,31.32,7.85,57.46,14549961350,0.06,25.2,0.01455,,28.8,149.6,NA,NA,NA,NA,NA,NA,NA,NA,NA,NA,,,,,,,,,,,,,,,,,
Bismarck Sea,Central Indo-Pacific,Eastern Coral Triangle,134,2177,40,0,954,994,37.63,0.00,60.69,17.08,49.16,17.08,167.63,80.64,104.73,37.07,136.18,10316,268.58,102.36,2.94,3.75,38.10,3.44,166.35,1.65423E+11,0.27,61.9,0.16542,,5.8,160.7,0.03,0.01,0.47,0.15,0.78,0.0009,0.0246,0.1286,0.0043,0.0784,,,,,,,,,,,,,,,,,
Solomon Archipelago,Central Indo-Pacific,Eastern Coral Triangle,135,256,20,0,96,117,37.61,0.14,61.80,14.46,49.71,14.46,298.31,35.81,161.48,18.27,229.90,19901,399.95,57.53,3.96,6.77,39.73,6.06,286.32,33440835052,0.05,71.6,0.03344,,17.3,194.0,NA,NA,NA,NA,NA,NA,NA,NA,NA,NA,,,,,,,,,,,,,,,,,
Solomon Sea,Central Indo-Pacific,Eastern Coral Triangle,136,919,0,0,420,420,37.21,1.34,53.20,16.50,45.20,16.55,53.29,11.00,37.93,2.04,45.61,8802,107.47,31.74,11.76,13.29,37.21,1.34,53.29,22374395961,0.05,49.6,0.02237,,17.3,138.6,NA,NA,NA,NA,NA,NA,NA,NA,NA,NA,,,,,,,,,,,,,,,,,
Southeast Papua New Guinea,Central Indo-Pacific,Eastern Coral Triangle,137,824,0,0,376,376,34.09,6.48,48.16,21.60,41.12,22.55,62.05,26.60,53.92,7.54,57.98,3108,160.60,9.53,26.62,46.59,34.09,6.48,62.05,23350860484,0.06,38.6,0.02335,,28.8,116.4,NA,NA,NA,NA,NA,NA,NA,NA,NA,NA,,,,,,,,,,,,,,,,,
Gulf of Papua,Central Indo-Pacific,Sahul Shelf,138,15755,6367,830,0,7197,17.54,3.00,17.35,4.24,17.44,5.20,12.24,5.48,12.34,5.36,12.29,1949,72.25,30.06,147.80,44.88,17.43,5.09,12.30,88498234602,0.52,17.0,0.08850,,28.8,149.6,0.09,0.03,0.72,0.27,0.79,0.0024,0.0242,0.0701,0.0082,0.0637,,,,,,,,,,,,,,,,,
Arafura Sea,Central Indo-Pacific,Sahul Shelf,139,122709,38136,8458,9465,56059,8.05,6.60,7.71,7.18,7.88,9.75,5.68,5.35,5.83,5.04,5.75,7264,65.10,25.65,878.81,863.11,7.88,8.93,5.75,3.22459E+11,3.65,8.8,0.32246,,5.8,116.4,0.03,0.01,0.49,0.18,0.74,0.0018,0.0566,0.2394,0.0110,0.1565,,,,,,,,,,,,,,,,,
Arnhem Coast to Gulf of Carpenteria,Central Indo-Pacific,Sahul Shelf,140,156070,67190,3773,336,71300,1.45,1.70,1.43,1.69,1.44,2.40,0.47,1.02,0.48,1.02,0.47,15685,30.21,15.97,2791.16,946.25,1.44,2.36,0.47,33825937547,2.15,1.6,0.03383,,NA,NA,NA,NA,NA,NA,NA,NA,NA,NA,NA,NA,,,,,,,,,,,,,,,,,
Bonaparte Coast,Central Indo-Pacific,Sahul Shelf,141,54260,16198,2147,6444,24788,8.65,3.40,7.59,4.35,8.12,5.52,1.52,1.17,1.76,1.06,1.64,10354,26.95,12.70,509.16,283.98,8.21,4.96,1.62,40181761645,0.67,6.0,0.04018,,NA,NA,NA,NA,NA,NA,NA,NA,NA,NA,NA,NA,,,,,,,,,,,,,,,,,
Torres Strait Northern Great Barrier Reef,Central Indo-Pacific,Northeast Australian Shelf,142,74692,29174,801,4147,34123,17.25,7.36,16.77,7.91,17.01,10.80,11.28,7.07,11.66,6.84,11.47,3080,69.06,27.51,284.17,475.79,17.03,10.38,11.45,3.90867E+11,2.36,16.6,0.39087,,28.8,116.4,0.09,0.02,0.72,0.27,0.79,0.0090,0.1061,0.3088,0.0352,0.2829,,,,,,,,,,,,,,,,,
Central and Southern Great Barrier Reef,Central Indo-Pacific,Northeast Australian Shelf,143,63464,24641,3188,1164,28993,22.10,8.21,22.71,10.41,22.41,13.26,10.23,8.16,10.11,7.44,10.17,8223,49.15,35.01,127.52,111.54,22.43,12.81,10.17,2.94775E+11,1.42,20.7,0.29478,,17.3,116.4,0.02,0.00,0.45,0.16,0.65,0.0015,0.0464,0.1909,0.0071,0.1337,,,,,,,,,,,,,,,,,
Exmouth to Broome,Central Indo-Pacific,Northwest Australian Shelf,144,52238,18554,0,5311,23865,14.64,5.56,14.75,7.77,14.69,9.55,4.44,16.20,3.76,9.48,4.10,11942,25.37,31.14,218.53,104.36,14.64,5.56,4.44,99715937724,0.61,16.5,0.09972,,28.8,127.5,0.20,0.04,0.58,0.21,0.69,0.0037,0.0206,0.0690,0.0194,0.0576,,,,,,,,,,,,,,,,,
Ningaloo,Central Indo-Pacific,Northwest Australian Shelf,145,975,221,0,224,446,35.31,3.62,34.64,16.84,34.98,17.23,31.93,14.00,28.89,12.39,30.41,2184,75.67,34.48,30.46,16.48,35.15,12.41,31.18,13890904154,0.03,41.2,0.01389,,28.8,149.6,0.15,0.03,0.61,0.22,0.70,0.0005,0.0031,0.0098,0.0021,0.0084,,,,,,,,,,,,,,,,,
Tonga Islands,Central Indo-Pacific,Tropical Southwestern Pacific,146,1453,197,417,50,664,37.63,0.00,66.26,3.80,51.94,3.80,46.57,18.33,25.80,10.04,36.18,9536,69.71,30.32,2.16,2.02,59.85,3.65,30.45,20218284714,0.05,43.7,0.02022,,17.3,83.1,0.07,0.02,0.46,0.16,0.69,0.0004,0.0031,0.0139,0.0015,0.0094,,,,,,,,,,,,,,,,,
Fiji Islands,Central Indo-Pacific,Tropical Southwestern Pacific,147,10704,0,0,4890,4890,19.52,13.34,22.22,19.28,20.87,23.45,45.29,117.88,39.77,93.29,42.53,502088,165.20,305.81,702.63,1279.65,19.52,13.34,45.29,2.21456E+11,0.81,27.4,0.22146,,17.3,116.4,0.06,0.02,0.52,0.18,0.69,0.0034,0.0398,0.1532,0.0132,0.1160,,,,,,,,,,,,,,,,,
New Caledonia,Central Indo-Pacific,Tropical Southwestern Pacific,149,12724,1633,330,3849,5813,37.59,0.59,59.40,12.15,48.50,12.16,31.35,14.46,19.88,7.06,25.62,14831,51.95,17.46,5.96,6.78,41.89,7.08,29.09,1.69103E+11,0.30,56.0,0.16910,,5.8,94.2,0.02,0.01,0.39,0.13,0.61,0.0009,0.0221,0.1032,0.0040,0.0652,,,,,,,,,,,,,,,,,
Coral Sea,Central Indo-Pacific,Tropical Southwestern Pacific,150,242,0,0,111,111,37.55,0.90,61.55,12.74,49.55,12.77,72.52,4.25,39.10,1.94,55.81,9005,105.28,4.95,3.46,5.58,37.55,0.90,72.52,8027319863,0.01,68.9,0.00803,,17.3,116.4,0.05,0.01,0.55,0.20,0.68,0.0001,0.0016,0.0055,0.0004,0.0044,,,,,,,,,,,,,,,,,
Lord Howe and Norfolk Islands,Central Indo-Pacific,Lord Howe and Norfolk Islands,151,238,13,21,75,109,37.63,0.00,64.59,5.38,51.11,5.38,545.37,308.95,325.26,182.52,435.32,10030,902.94,486.49,3.08,3.08,44.36,2.99,490.43,53332890119,0.10,54.3,0.05333,,5.8,27.7,0.06,0.01,0.21,0.06,0.49,0.0008,0.0033,0.0259,0.0031,0.0109,,,,,,,,,,,,,,,,,
Hawaii,Eastern Indo-Pacific,Hawaii,152,5566,0,0,2543,2543,37.54,0.65,66.65,11.03,52.09,11.04,127.24,83.03,71.74,44.72,99.49,33822,170.89,137.14,1.77,5.80,37.54,0.65,127.24,3.23509E+11,0.43,74.5,0.32351,,17.3,83.1,0.10,0.02,0.49,0.10,0.82,0.0050,0.0322,0.2653,0.0338,0.1579,,,,,,,,,,,,,,,,,
Gilbert/Ellis Islands,Eastern Indo-Pacific,"Marshall, Gilbert and Ellis Islands",154,0,0,0,0,0,14.43,13.24,15.90,18.99,15.17,23.15,29.24,81.83,27.31,76.76,28.28,569437,150.97,227.01,731.76,975.00,14.43,13.24,29.24,0,0.00,0.0,0.00000,,17.3,138.6,0.03,0.01,0.76,0.28,0.82,0.0000,0.0000,0.0000,0.0000,0.0000,,,,,,,,,,,,,,,,,
Line Islands,Eastern Indo-Pacific,Central Polynesia,155,173,0,0,79,79,37.63,0.00,70.63,0.17,54.13,0.17,445.45,39.72,237.48,21.43,341.47,17475,607.97,59.19,0.17,0.08,37.63,0.00,445.45,35117015735,0.05,73.3,0.03512,,5.8,83.1,0.13,0.11,0.85,0.32,0.90,0.0039,0.0114,0.0317,0.0046,0.0297,,,,,,,,,,,,,,,,,
Samoa Islands,Eastern Indo-Pacific,Central Polynesia,157,282,0,0,129,129,37.63,0.00,63.73,16.10,50.68,16.10,204.37,14.23,110.11,6.60,157.24,9192,288.48,14.01,0.57,0.60,37.63,0.00,204.37,26359664286,0.04,70.8,0.02636,,17.3,127.5,0.06,0.02,0.64,0.21,0.79,0.0004,0.0056,0.0207,0.0017,0.0167,,,,,,,,,,,,,,,,,
Tuamotus,Eastern Indo-Pacific,Southeast Polynesia,158,313,0,0,143,143,37.63,0.00,69.90,1.38,53.76,1.38,102.06,3.81,54.46,1.97,78.26,29418,138.39,7.80,0.58,0.71,37.63,0.00,102.06,14591668900,0.02,73.7,0.01459,,5.8,94.2,NA,NA,NA,NA,NA,NA,NA,NA,NA,NA,,,,,,,,,,,,,,,,,
Rapa-Pitcairn,Eastern Indo-Pacific,Southeast Polynesia,159,19,0,0,9,9,37.63,0.00,70.82,0.22,54.23,0.22,132.57,NA,70.59,NA,101.58,15281,149.51,20.47,0.08,0.10,37.63,0.00,132.57,1162975230,0.00,88.7,0.00116,,NA,NA,NA,NA,NA,NA,NA,NA,NA,NA,NA,NA,,,,,,,,,,,,,,,,,
Society Islands,Eastern Indo-Pacific,Southeast Polynesia,161,523,0,0,239,239,37.63,0.00,70.30,1.04,53.96,1.04,261.74,47.85,140.36,26.73,201.05,5878,347.40,41.43,0.19,0.38,37.63,0.00,261.74,62506687158,0.08,75.3,0.06251,,17.3,171.8,0.06,0.02,0.59,0.19,0.83,0.0010,0.0121,0.0516,0.0037,0.0369,,,,,,,,,,,,,,,,,
Mexican Tropical Pacific,Tropical Eastern Pacific,Tropical East Pacific,166,1676,0,0,766,766,37.63,0.00,60.95,16.97,49.29,16.97,64.94,23.35,38.01,11.21,51.48,11133,98.46,30.21,2.46,2.81,37.63,0.00,64.94,49722793492,0.08,66.0,0.04972,,40.4,194.0,0.32,0.05,0.99,0.54,0.95,0.0025,0.0267,0.0470,0.0158,0.0493,,,,,,,,,,,,,,,,,
Chiapas-Nicaragua,Tropical Eastern Pacific,Tropical East Pacific,167,13865,0,0,6334,6334,28.90,7.61,31.05,14.17,29.97,16.08,32.23,21.48,33.05,19.32,32.64,7347,127.47,63.36,63.67,51.33,28.90,7.61,32.23,2.04128E+11,0.81,25.3,0.20413,,40.4,194.0,0.37,0.07,0.98,0.51,0.98,0.0146,0.1033,0.1996,0.0749,0.2006,,,,,,,,,,,,,,,,,
Nicoya,Tropical Eastern Pacific,Tropical East Pacific,168,6093,0,0,2783,2783,34.86,4.93,35.54,18.24,35.20,18.89,83.72,49.29,87.67,28.80,85.69,3881,228.76,92.20,31.43,26.41,34.86,4.93,83.72,2.33028E+11,0.64,36.6,0.23303,,17.3,171.8,0.27,0.05,0.99,0.52,0.98,0.0125,0.1211,0.2280,0.0620,0.2314,,,,,,,,,,,,,,,,,
Panama Bight,Tropical Eastern Pacific,Tropical East Pacific,170,4812,0,0,2199,2199,32.42,5.98,35.32,16.93,33.87,17.96,29.56,22.22,32.23,19.42,30.90,10640,119.89,62.47,38.64,30.64,32.42,5.98,29.56,64985581326,0.26,24.7,0.06499,,5.8,149.6,0.18,0.04,0.99,0.52,0.98,0.0023,0.0338,0.0635,0.0115,0.0641,,,,,,,,,,,,,,,,,
Guayaquil,Tropical Eastern Pacific,Tropical East Pacific,171,2011,0,0,919,919,34.64,5.92,35.18,17.03,34.91,18.03,204.19,67.53,188.73,55.96,196.46,5884,519.68,161.08,35.54,41.09,34.64,5.92,204.19,1.87578E+11,0.48,39.3,0.18758,,5.8,171.8,0.12,0.02,0.98,0.52,0.99,0.0038,0.0972,0.1861,0.0217,0.1844,,,,,,,,,,,,,,,,,
Eastern Galapagos Islands,Tropical Eastern Pacific,Galapagos,173,436,31,0,168,199,37.63,0.00,57.62,19.75,47.62,19.75,846.59,337.91,549.38,75.84,697.98,4669,1427.54,221.58,2.02,2.61,39.18,7.77,823.57,1.63999E+11,0.28,57.7,0.16400,,17.3,182.9,0.13,0.02,0.99,0.52,0.99,0.0037,0.0847,0.1622,0.0208,0.1617,,,,,,,,,,,,,,,,,
Western Galapagos Islands,Tropical Eastern Pacific,Galapagos,174,18,0,0,8,8,37.63,0.00,38.77,29.64,38.20,29.64,930.43,NA,618.62,NA,774.52,2731,1643.98,93.12,4.44,3.46,37.63,0.00,930.43,7629199707,0.01,56.6,0.00763,,17.3,194.0,0.13,0.02,0.98,0.52,0.99,0.0002,0.0039,0.0076,0.0010,0.0074,,,,,,,,,,,,,,,,,
Central Peru,Temperate South America,Warm Temperate Southeastern Pacific,175,4416,83,1,1934,2017,33.84,2.89,31.15,11.09,32.50,11.46,514.44,64.47,515.77,54.07,515.11,7457,1553.20,155.32,39.44,9.96,33.79,3.67,514.47,1.03786E+12,3.13,33.1,1.03786,,5.8,194.0,0.07,0.01,0.99,0.53,0.98,0.0140,0.5449,1.0171,0.0727,1.0275,,,,,,,,,,,,,,,,,
Humboldtian,Temperate South America,Warm Temperate Southeastern Pacific,176,1728,233,133,424,790,36.26,2.84,41.86,24.77,39.06,24.93,732.62,308.62,503.70,128.67,618.16,15797,1451.93,286.88,14.18,17.72,38.03,17.06,660.31,5.21405E+11,1.15,45.5,0.52140,,5.8,171.8,0.04,0.04,0.98,0.50,0.97,0.0188,0.2607,0.5032,0.0188,0.5092,,,,,,,,,,,,,,,,,
Central Chile,Temperate South America,Warm Temperate Southeastern Pacific,177,556,135,74,45,254,37.63,0.00,50.42,25.51,44.02,25.51,423.15,144.78,232.18,72.88,327.66,7998,496.23,178.34,1.31,1.76,44.75,23.14,316.77,80510847863,0.13,63.8,0.08051,,63.5,221.7,0.21,0.05,0.93,0.41,0.92,0.0039,0.0326,0.0737,0.0165,0.0745,,,,,,,,,,,,,,,,,
Araucanian,Temperate South America,Warm Temperate Southeastern Pacific,178,2553,876,7,283,1166,29.09,5.40,26.53,13.96,27.81,14.97,148.55,80.40,142.02,68.42,145.29,8228,473.95,202.58,55.06,25.25,28.11,13.29,146.06,1.7032E+11,0.55,30.8,0.17032,,98.1,182.9,0.52,0.14,0.96,0.48,0.84,0.0246,0.0809,0.1431,0.0877,0.1635,,,,,,,,,,,,,,,,,
Southeastern Brazil,Temperate South America,Warm Temperate Southwestern Atlantic,180,19242,826,21,7944,8791,21.71,5.92,21.68,5.97,21.69,8.41,55.20,86.30,55.49,86.65,55.34,10432,226.62,290.92,120.93,109.12,21.70,6.20,55.21,4.85335E+11,1.99,24.4,0.48534,,17.3,49.9,0.07,0.02,0.25,0.08,0.53,0.0080,0.0410,0.2572,0.0332,0.1189,,,,,,,,,,,,,,,,,
Rio Grande,Temperate South America,Warm Temperate Southwestern Atlantic,181,22747,7375,1049,1968,10392,11.20,5.89,11.14,6.06,11.17,8.45,39.01,36.00,39.14,35.49,39.08,6822,324.91,186.46,382.41,209.51,11.17,7.81,39.07,4.06009E+11,3.38,12.0,0.40601,,5.8,49.9,0.06,0.01,0.21,0.08,0.49,0.0059,0.0311,0.1989,0.0229,0.0855,,,,,,,,,,,,,,,,,
Rio de la Plata,Temperate South America,Warm Temperate Southwestern Atlantic,182,2251,97,931,0,1028,22.37,13.56,17.13,15.67,19.75,20.72,14.08,3.94,14.08,3.94,14.08,5896,214.61,81.27,210.02,209.13,17.38,16.21,14.08,14480126752,0.22,6.6,0.01448,,17.3,138.6,0.06,0.01,0.23,0.08,0.50,0.0002,0.0012,0.0072,0.0008,0.0033,,,,,,,,,,,,,,,,,
Uruguay-Buenos Aires Shelf,Temperate South America,Warm Temperate Southwestern Atlantic,183,56351,13185,11721,837,25744,4.20,1.70,4.03,1.74,4.12,2.43,9.44,6.70,10.00,6.98,9.72,9441,226.49,123.10,1123.26,481.90,4.08,2.12,9.84,2.53375E+11,5.83,4.3,0.25337,,17.3,138.6,0.09,0.02,0.33,0.13,0.51,0.0061,0.0340,0.1288,0.0231,0.0842,,,,,,,,,,,,,,,,,
North Patagonian Gulfs,Temperate South America,Magellanic,184,10236,2677,0,2000,4676,3.19,2.10,2.55,2.46,2.87,3.23,6.56,8.78,8.13,8.45,7.35,8834,214.60,131.23,1635.78,863.57,3.19,2.10,6.56,32778417536,1.00,3.3,0.03278,,98.1,221.7,0.38,0.17,0.73,0.39,0.50,0.0056,0.0128,0.0164,0.0126,0.0238,,,,,,,,,,,,,,,,,
Patagonian Shelf,Temperate South America,Magellanic,185,14301,4756,32,1746,6534,6.61,5.53,5.82,5.93,6.22,8.11,23.19,27.68,25.91,26.63,24.55,9815,377.28,142.12,854.57,439.72,6.32,7.49,24.19,1.58077E+11,2.46,6.4,0.15808,,28.8,221.7,0.27,0.12,0.59,0.31,0.45,0.0184,0.0485,0.0714,0.0425,0.0929,,,,,,,,,,,,,,,,,
Malvinas/Falklands,Temperate South America,Magellanic,186,5842,2603,25,41,2669,27.59,7.11,17.94,15.12,22.76,16.71,131.54,132.04,178.34,115.46,154.94,8023,673.23,399.50,69.47,40.37,22.79,16.59,154.79,4.13112E+11,1.80,23.0,0.41311,,98.1,221.7,0.35,0.16,0.73,0.40,0.47,0.0663,0.1659,0.1935,0.1454,0.3007,,,,,,,,,,,,,,,,,
Channels and Fjords of Southern Chile,Temperate South America,Magellanic,187,12068,4595,99,819,5513,29.50,9.63,30.48,17.87,29.99,20.30,202.02,156.20,200.00,130.28,201.01,18274,713.58,392.86,111.79,245.03,29.92,19.05,201.14,1.10892E+12,3.93,28.2,1.10892,,63.5,116.4,0.32,0.15,0.53,0.29,0.41,0.1683,0.3190,0.4541,0.3567,0.5905,,,,,,,,,,,,,,,,,
Chiloense,Temperate South America,Magellanic,188,5530,609,0,1917,2526,17.04,9.64,14.77,13.76,15.91,16.80,86.15,118.45,92.03,95.49,89.09,7307,454.19,267.10,285.47,292.21,16.77,11.77,86.86,2.19439E+11,1.15,19.1,0.21944,,121.2,182.9,0.83,0.28,0.92,0.47,0.79,0.0623,0.1037,0.1731,0.1828,0.2009,,,,,,,,,,,,,,,,,
Namib,Temperate Southern Africa,Benguela,190,1319,0,603,0,603,24.47,7.65,23.22,14.30,23.85,16.22,455.66,143.27,470.43,120.33,463.04,9964,1593.64,221.45,88.14,46.50,23.22,14.30,470.43,2.83564E+11,0.96,29.5,0.28356,,5.8,105.3,0.02,0.00,0.69,0.19,0.77,0.0003,0.0534,0.2184,0.0048,0.1945,,,,,,,,,,,,,,,,,
Namaqua,Temperate Southern Africa,Benguela,191,1786,546,212,57,816,16.60,3.78,13.44,7.24,15.02,8.16,118.51,50.54,119.82,49.24,119.16,9560,729.71,252.61,168.62,70.71,14.72,7.70,119.29,97313743228,0.60,16.3,0.09731,,17.3,72.1,0.22,0.04,0.58,0.13,0.65,0.0034,0.0128,0.0633,0.0211,0.0563,,,,,,,,,,,,,,,,,
Agulhas Bank,Temperate Southern Africa,Agulhas,192,2971,1320,9,28,1357,23.45,7.26,22.47,11.43,22.96,13.54,241.80,144.60,260.06,115.06,250.93,8500,1279.93,306.54,98.52,50.15,22.97,13.43,250.80,3.40417E+11,1.74,19.6,0.34042,,5.8,27.7,0.04,0.01,0.16,0.04,0.24,0.0032,0.0145,0.0814,0.0150,0.0553,,,,,,,,,,,,,,,,,
Natal,Temperate Southern Africa,Agulhas,193,2248,795,0,232,1027,37.63,0.00,58.53,8.86,48.08,8.86,563.86,158.05,369.30,66.24,466.58,7743,1187.29,281.83,8.15,7.59,37.63,0.00,563.86,5.01873E+11,1.22,41.2,0.50187,,5.8,27.7,0.03,0.01,0.14,0.04,0.19,0.0035,0.0196,0.0951,0.0136,0.0715,,,,,,,,,,,,,,,,,
Kermadec Island,Temperate Australasia,Northern New Zealand,195,11,0,0,5,5,37.63,NA,70.97,NA,54.30,NA,378.80,NA,200.83,NA,289.81,7472,459.12,86.78,0.01,NA,37.63,NA,378.80,1936690142,0.00,82.5,0.00194,,5.8,38.8,NA,NA,NA,NA,NA,NA,NA,NA,NA,NA,,,,,,,,,,,,,,,,,
Northeastern New Zealand,Temperate Australasia,Northern New Zealand,196,5928,2690,0,18,2708,26.39,4.55,24.72,9.10,25.56,10.18,274.27,110.71,291.80,72.54,283.04,5734,1096.75,272.41,68.56,21.93,25.56,10.15,282.98,7.66413E+11,2.97,25.8,0.76641,,5.8,38.8,0.06,0.02,0.20,0.07,0.46,0.0126,0.0568,0.3522,0.0491,0.1560,,,,,,,,,,,,,,,,,
Three Kings-North Cape,Temperate Australasia,Northern New Zealand,197,196,61,0,29,90,33.65,3.57,35.38,7.69,34.51,8.48,365.09,60.93,356.76,51.24,360.93,3291,1058.75,214.85,39.72,12.63,33.65,3.57,365.09,32447079709,0.09,34.2,0.03245,,17.3,49.9,NA,NA,NA,NA,NA,NA,NA,NA,NA,NA,,,,,,,,,,,,,,,,,
Chatham Island,Temperate Australasia,Southern New Zealand,198,1035,473,0,0,473,35.93,2.15,33.43,18.97,34.68,19.09,158.36,108.19,185.62,59.29,171.99,5984,501.06,160.09,27.44,13.23,35.93,2.15,158.36,81294923224,0.24,34.3,0.08129,,5.8,49.9,0.16,0.05,0.31,0.12,0.48,0.0041,0.0099,0.0391,0.0131,0.0250,,,,,,,,,,,,,,,,,
Central New Zealand,Temperate Australasia,Southern New Zealand,199,20084,8365,0,810,9175,23.35,7.14,21.79,12.74,22.57,14.61,128.41,95.47,135.65,69.30,132.03,13659,596.15,234.97,98.99,56.36,23.35,7.14,128.41,1.20847E+12,5.47,22.1,1.20847,,17.3,61.0,0.10,0.03,0.27,0.10,0.47,0.0341,0.1230,0.5674,0.1170,0.3227,,,,,,,,,,,,,,,,,
South New Zealand,Temperate Australasia,Southern New Zealand,200,4731,2158,0,4,2161,34.99,3.07,40.07,12.94,37.53,13.30,204.59,104.69,174.46,55.66,189.52,5322,567.06,189.21,30.42,16.79,37.52,13.29,189.55,4.09655E+11,1.23,33.4,0.40966,,28.8,83.1,0.18,0.06,0.24,0.10,0.51,0.0247,0.0414,0.2093,0.0729,0.0995,,,,,,,,,,,,,,,,,
Tweed-Moreton,Temperate Australasia,East Central Australian Shelf,202,14252,6324,0,187,6511,28.57,9.97,30.44,12.01,29.51,15.62,109.21,143.53,99.18,128.08,104.20,5927,375.45,433.88,78.80,81.43,29.48,15.48,104.34,6.7936E+11,2.44,27.8,0.67936,,5.8,49.9,0.02,0.00,0.11,0.28,0.49,0.0031,0.1891,0.3321,0.0140,0.0720,,,,,,,,,,,,,,,,,
Manning-Hawkesbury,Temperate Australasia,East Central Australian Shelf,203,2005,915,1,0,916,37.63,0.00,43.21,3.68,40.42,3.68,498.80,94.03,434.48,73.68,466.64,4711,1174.78,299.10,22.94,5.21,40.42,3.68,466.60,4.27469E+11,1.08,39.7,0.42747,,5.8,27.7,0.04,0.01,0.20,0.06,0.48,0.0047,0.0244,0.2030,0.0190,0.0834,,,,,,,,,,,,,,,,,
Cape Howe,Temperate Australasia,Southeast Australian Shelf,204,9368,4278,0,1,4280,16.18,6.76,16.22,7.33,16.20,9.98,86.82,117.47,85.19,109.99,86.00,5981,605.93,474.70,191.14,93.12,16.20,9.97,86.00,3.68065E+11,2.59,14.2,0.36806,,5.8,38.8,0.31,0.09,0.48,0.15,0.49,0.0324,0.0554,0.1798,0.1147,0.1770,,,,,,,,,,,,,,,,,
Bassian,Temperate Australasia,Southeast Australian Shelf,205,12287,5565,0,48,5613,19.26,8.15,18.27,11.05,18.76,13.73,104.12,82.72,111.05,75.33,107.59,9668,584.50,212.29,162.59,165.26,18.77,13.69,107.56,6.03765E+11,3.28,18.4,0.60376,,75.0,116.4,0.25,0.08,0.43,0.14,0.45,0.0456,0.0842,0.2699,0.1504,0.2602,,,,,,,,,,,,,,,,,
Western Bassian,Temperate Australasia,Southeast Australian Shelf,206,9648,4131,0,277,4408,21.09,9.24,20.96,11.12,21.02,14.46,191.33,169.75,191.36,158.49,191.35,7236,815.56,482.67,155.75,139.02,21.03,14.19,191.35,8.43417E+11,3.59,23.5,0.84342,,86.5,116.4,0.56,0.16,0.65,0.21,0.51,0.1358,0.1763,0.4335,0.4723,0.5491,,,,,,,,,,,,,,,,,
South Australian Gulfs,Temperate Australasia,Southwest Australian Shelf,207,28054,12723,0,93,12816,9.58,3.54,8.92,4.42,9.25,5.66,18.85,26.50,19.49,26.21,19.17,6834,203.54,220.30,459.79,331.56,9.25,5.65,19.17,2.45689E+11,2.61,9.4,0.24569,,86.5,127.5,0.63,0.16,0.70,0.22,0.59,0.0403,0.0536,0.1459,0.1550,0.1708,,,,,,,,,,,,,,,,,
Great Australian Bight,Temperate Australasia,Southwest Australian Shelf,208,14486,6076,0,542,6618,13.63,2.36,13.35,3.01,13.49,3.83,29.20,42.68,29.52,42.52,29.36,10327,209.17,232.93,220.60,58.94,13.63,2.36,29.20,1.94206E+11,1.38,14.0,0.19421,,86.5,116.4,0.54,0.16,0.62,0.21,0.53,0.0302,0.0406,0.1035,0.1055,0.1213,,,,,,,,,,,,,,,,,
Leeuwin,Temperate Australasia,Southwest Australian Shelf,209,9277,4130,3,106,4238,27.19,6.10,27.17,8.25,27.18,10.25,65.52,61.67,65.58,58.82,65.55,11470,251.08,199.23,70.48,30.38,27.18,10.17,65.55,2.77803E+11,1.06,26.1,0.27780,,86.5,127.5,0.45,0.14,0.48,0.16,0.47,0.0385,0.0440,0.1300,0.1243,0.1339,,,,,,,,,,,,,,,,,
Shark Bay,Temperate Australasia,West Central Australian Shelf,210,13335,5715,0,377,6092,21.98,9.24,20.34,13.10,21.16,16.03,19.25,15.29,21.53,13.98,20.39,4301,113.86,56.57,179.15,250.39,21.98,9.24,19.25,1.23766E+11,0.69,17.8,0.12377,,40.4,138.6,0.26,0.06,0.62,0.23,0.63,0.0069,0.0280,0.0775,0.0322,0.0770,,,,,,,,,,,,,,,,,
Houtman,Temperate Australasia,West Central Australian Shelf,211,6776,3006,2,88,3095,25.02,7.96,25.07,10.76,25.05,13.39,51.17,25.32,49.46,23.39,50.31,4452,190.75,61.25,87.88,50.17,25.05,13.26,50.34,1.55821E+11,0.59,26.4,0.15582,,63.5,138.6,0.34,0.08,0.60,0.22,0.61,0.0132,0.0337,0.0944,0.0522,0.0937,,,,,,,,,,,,,,,,,
Macquarie Island,Southern Ocean,Subantarctic Islands,212,0,0,0,0,0,37.63,NA,70.99,NA,54.31,NA,365.38,NA,193.67,NA,279.53,5262,511.26,3.76,0.01,NA,37.63,NA,365.38,0,0.00,0.0,0.00000,,75.0,116.4,NA,NA,NA,NA,NA,NA,NA,NA,NA,NA,,,,,,,,,,,,,,,,,
Kerguelen Islands,Southern Ocean,Subantarctic Islands,214,1085,0,0,496,496,25.53,5.33,18.94,12.49,22.23,13.58,230.20,141.51,264.75,113.24,247.47,7240,1228.43,330.89,76.17,29.79,25.53,5.33,230.20,1.14146E+11,0.61,18.7,0.11415,,28.8,171.8,0.11,0.05,0.39,0.21,0.42,0.0061,0.0245,0.0481,0.0120,0.0448,,,,,,,,,,,,,,,,,
South Shetland Islands,Southern Ocean,Scotia Sea,222,769,0,0,351,351,35.36,3.85,40.20,17.97,37.78,18.38,124.35,90.42,113.93,50.30,119.14,8792,337.65,147.12,24.26,19.21,35.36,3.85,124.35,43697334325,0.12,36.8,0.04370,,51.9,221.7,NA,NA,NA,NA,NA,NA,NA,NA,NA,NA,,,,,,,,,,,,,,,,,
Antarctic Peninsula,Southern Ocean,Scotia Sea,223,249,0,0,114,114,36.06,3.12,18.48,22.68,27.27,22.90,109.74,119.10,160.54,74.59,135.14,18275,367.83,153.67,23.67,19.71,36.06,3.12,109.74,12491206821,0.04,29.8,0.01249,,109.6,221.7,NA,NA,NA,NA,NA,NA,NA,NA,NA,NA,,,,,,,,,,,,,,,,,
East Antarctic Wilkes Land,Southern Ocean,Continental High Antarctic,224,0,0,0,0,0,37.13,1.86,30.91,25.74,34.02,25.80,199.13,215.03,214.61,80.62,206.87,121408,513.07,218.89,12.15,11.99,37.13,1.86,199.13,0,0.00,0.0,0.00000,,230.8,221.7,NA,NA,NA,NA,NA,NA,NA,NA,NA,NA,,,,,,,,,,,,,,,,,
Campbell Island,Southern Ocean,Subantarctic New Zealand,231,7,2,1,0,3,37.63,0.00,37.78,27.25,37.70,27.25,389.85,353.16,412.27,212.24,401.06,4149,504.04,233.79,20.19,12.31,37.78,27.25,412.27,1251717628,0.00,80.3,0.00125,,28.8,83.1,NA,NA,NA,NA,NA,NA,NA,NA,NA,NA,,,,,,,,,,,,,,,,,
Auckland Island,Southern Ocean,Subantarctic New Zealand,232,207,57,38,0,95,36.50,1.77,35.98,25.22,36.24,25.28,278.96,305.31,270.86,147.12,274.91,3133,580.44,280.83,23.05,15.43,35.98,25.22,270.86,25902555628,0.06,47.1,0.02590,,17.3,94.2,NA,NA,NA,NA,NA,NA,NA,NA,NA,NA,,,,,,,,,,,,,,,,,
Fernando de Naronha and Atoll das Rocas,Tropical Atlantic,Tropical Southwestern Atlantic,74,3,0,0,2,2,37.63,NA,70.98,NA,54.30,NA,NA,NA,NA,NA,NA,3634,541.42,16.54,0.01,NA,37.63,NA,NA,NA,8.65E-04,37.6,3.25E-04,,28.8,149.6,NA,NA,NA,NA,NA,NA,NA,NA,NA,NA,,,,,,,,,,,,,,,,,
Marshall Islands,Eastern Indo-Pacific,"Marshall, Gilbert and Ellis Islands",153,10,0,0,4,4,37.63,0.00,69.90,1.28,53.76,1.28,NA,NA,NA,NA,NA,26157,104.38,NA,0.48,0.61,37.63,0.00,NA,NA,4.62E-04,37.6,1.74E-04,,17.3,138.6,0.04,0.01,0.47,0.14,0.82,NA,NA,NA,NA,NA,,,,,,,,,,,,,,,,,
Phoenix/Tokelau/Northern Cook Islands,Eastern Indo-Pacific,Central Polynesia,156,3,0,0,2,2,37.63,0.00,70.98,0.00,54.30,0.00,NA,NA,NA,NA,NA,29328,619.16,97.69,0.01,0.00,37.63,0.00,NA,NA,9.51E-04,37.6,3.58E-04,,5.8,160.7,0.06,0.02,0.74,0.25,0.86,NA,NA,NA,NA,NA,,,,,,,,,,,,,,,,,
Southern Cook/Austral Islands,Eastern Indo-Pacific,Southeast Polynesia,160,64,0,0,29,29,37.63,0.00,70.98,0.00,54.30,0.00,NA,NA,NA,NA,NA,21182,511.66,210.43,0.01,0.00,37.63,0.00,NA,NA,1.49E-02,37.6,5.61E-03,,17.3,171.8,0.12,0.03,0.49,0.16,0.72,NA,NA,NA,NA,NA,,,,,,,,,,,,,,,,,
Revillagigedos,Tropical Eastern Pacific,Tropical East Pacific,164,23,0,0,10,10,37.63,NA,69.37,NA,53.50,NA,NA,NA,NA,NA,NA,7865,68.12,17.35,0.01,NA,37.63,NA,NA,NA,7.06E-04,37.6,2.66E-04,,17.3,194.0,0.44,0.05,0.99,0.51,0.89,NA,NA,NA,NA,NA,,,,,,,,,,,,,,,,,
Juan Fernandez and Desventuradas,Temperate South America,Juan Fernandez and Desventuradas,179,55,0,25,0,25,NA,NA,NA,NA,NA,NA,NA,NA,NA,NA,NA,12027,1631.56,69.91,NA,NA,NA,NA,NA,NA,4.12E-02,NA,NA,,NA,NA,0.52,0.14,0.96,0.48,0.84,NA,NA,NA,NA,NA,,,,,,,,,,,,,,,,,
Tristan Gough,Temperate South America,Tristan Gough,189,12,0,5,1,6,37.63,0.00,68.75,2.14,53.19,2.14,NA,NA,NA,NA,NA,14609,812.14,6.15,0.99,1.05,63.57,1.95,NA,NA,4.56E-03,63.6,2.90E-03,,28.8,116.4,0.27,0.07,0.54,0.21,0.55,NA,NA,NA,NA,NA,,,,,,,,,,,,,,,,,
Heard and Macdonald Islands,Southern Ocean,Subantarctic Islands,213,8,0,3,0,4,37.63,0.00,55.74,29.57,46.68,29.57,NA,NA,NA,NA,NA,4964,733.11,266.07,2.99,5.40,53.32,27.52,NA,NA,2.58E-03,53.3,1.38E-03,,28.8,171.8,NA,NA,NA,NA,NA,NA,NA,NA,NA,NA,,,,,,,,,,,,,,,,,
Prince Edward Islands,Southern Ocean,Subantarctic Islands,216,1,0,0,1,1,37.63,NA,70.97,NA,54.30,NA,NA,NA,NA,NA,NA,5564,603.37,165.55,0.01,NA,37.63,NA,NA,NA,3.22E-04,37.6,1.21E-04,,NA,NA,NA,NA,NA,NA,NA,NA,NA,NA,NA,NA,,,,,,,,,,,,,,,,,
South Georgia,Southern Ocean,Scotia Sea,220,24,0,0,11,11,33.51,3.75,20.70,19.73,27.11,20.09,NA,NA,NA,NA,NA,8137,324.07,37.07,38.09,17.95,33.51,3.75,NA,NA,3.57E-03,33.5,1.20E-03,,51.9,149.6,NA,NA,NA,NA,NA,NA,NA,NA,NA,NA,,,,,,,,,,,,,,,,,
,,,,,,,,,,,,,,,,,,,,,,,,,,,,,,,,,,,,,,,,,,,,,,,,,,,,,,,,,,,,,
,,,,,,,,,,,,,,,,,,,,,,,,,,,,,,,,,,,,,,,,,,,,,,,,,,,,,,,,,,,,,
,,,,,,,,,,,,,,,,,,,,,,,,,,,,,,,,,,,,,,,,,,,,,,,,,,,,,,,,,,,,,
,,,,,,,,,,,,,,,,,,,,,,,,,,,,,,,,,,,,,,,,,,,,,,,,,,,,,,,,,,,,,